structure_number,county,county_fips,owner_code,owner,facility_carried,feature_intersected,location,route_prefix,route_number,functional_class,lat,lon,coord_note,year_built,year_reconstructed,age_yrs,material,structure_type_code,service_under,over_water,n_main_spans,structure_len_m,deck_width_m,adt,adt_year,deck_cond,superstructure_cond,substructure_cond,culvert_cond,channel_cond,waterway_adequacy,scour_critical,condition,lowest_rating,fhwa_condition,condition_color,work_proposed_code,work_proposed,replacement_proposed,year_of_improvement,improvement_cost_k,inspection_date,nbi_year,parse_notes
000000000000335,Boone,009,2,County Highway Agency,CR 607 Boone,ROLANDS FORK,AT BEAR CREEK SPRINGS,4,,09,36.298358,-93.185317,,1928,,96,Concrete,04,Waterway,1,2,18.3,8.2,155,2018,7,7,6,,7,8,8,Fair,6,Fair,#f9a825,,,0,,,522,2024,
000000000000452,Boone,009,2,County Highway Agency,CR 607 Boone,ROLANDS FORK,0.45 N OF US 65 JCT,4,,09,36.298103,-93.187850,,1928,,96,Concrete,04,Waterway,1,2,21.3,8.2,155,2018,7,7,6,,7,8,8,Fair,6,Fair,#f9a825,,,0,,,522,2024,
000000000000305,Calhoun,013,1,State Highway Agency,US 167B SEC4BLM0.8,TURNERS CREEK,0.50 MI SO OF THORNTON,2,,07,33.768250,-92.485169,,1927,,97,Concrete,04,Waterway,1,1,7.9,6.9,210,2018,7,7,7,,7,7,5,Good,7,Good,#2e7d32,,,0,,,622,2024,
000000000000657,Clark,019,1,State Highway Agency,US 67 S-6 LM 7.39,DE ROCHE CREEK,AT HOT SPRING CO LINE,2,,07,34.206069,-93.027497,,1929,1956,95,Concrete,11,Waterway,1,1,70.1,9.4,1700,2018,5,5,5,,7,8,8,Fair,5,Fair,#f9a825,31,Replacement because of substandard load capacity or structural condition,1,,580,1022,2024,
000000000000431,Clay,021,1,State Highway Agency,US 67-20- LM 10.39,Cypress Creek,West city limits  Corning,2,,02,36.411381,-90.597861,,1928,1954,96,Concrete,04,Waterway,1,1,12.6,10.2,7389,2018,7,6,7,,6,8,5,Fair,6,Fair,#f9a825,31,Replacement because of substandard load capacity or structural condition,1,,743,223,2024,
000000000000432,Clay,021,1,State Highway Agency,US 67-20- LM 9.50,MIDDLE CREEK,1.5 MI W OF CORNING,2,,02,36.411533,-90.613953,,1928,1954,96,Concrete,04,Waterway,1,1,12.6,10.2,7300,2018,7,7,6,,6,8,5,Fair,6,Fair,#f9a825,,,0,,,223,2024,
000000000000433,Clay,021,1,State Highway Agency,US  67-20- LM 8.40,OAK CR,2.5 MI W OF CORNING  ARK,2,,02,36.411653,-90.633597,,1928,1954,96,Concrete,04,Waterway,1,2,18.3,10.2,6666,2018,7,7,5,,5,8,5,Fair,5,Fair,#f9a825,,,0,,,223,2024,
000000000000434,Clay,021,1,State Highway Agency,US 67 Sec. 20,MURRAY CREEK,3.75 MI W OF CORNING  ARK,2,,02,36.411719,-90.654983,,1928,1954,96,Concrete,04,Waterway,1,1,10.7,10.2,6666,2018,7,7,7,,6,8,5,Good,7,Good,#2e7d32,,,0,,,523,2024,
000000000000461,Cleveland,025,1,State Highway Agency,SH 35 S-5 LM 15.92,BLAKEY CREEK,4.56 MI W  JCT US 63,3,,07,33.820983,-92.026292,,1927,,97,Concrete,04,Waterway,1,2,19.2,7.0,550,2018,5,5,5,,7,8,5,Fair,5,Fair,#f9a825,31,Replacement because of substandard load capacity or structural condition,1,,265,522,2024,
000000000000542,Cleveland,025,1,State Highway Agency,US63 S-15 LM 24.73,SALINE RELIEF,1.13 MI NO OF BRADLEY CO.,2,,06,33.718128,-92.012208,,1929,1994,95,Concrete,04,Relief for waterway,1,3,32.6,14.8,2400,2018,7,7,7,,8,8,5,Good,7,Good,#2e7d32,31,Replacement because of substandard load capacity or structural condition,1,,468,622,2024,
000000000000543,Cleveland,025,1,State Highway Agency,US63 S-15 LM 25.06,SALINE RELIEF,0.80 MI N OF BRADLEY CO.,2,,06,33.714308,-92.015039,,1929,1994,95,Concrete,04,Relief for waterway,1,5,53.9,14.8,2400,2018,7,6,6,,8,8,5,Fair,6,Fair,#f9a825,31,Replacement because of substandard load capacity or structural condition,1,,615,622,2024,
000000000000544,Cleveland,025,1,State Highway Agency,US 63 S-15 LM25.7,SALINE RELIEF,0.16 MI NO OF BRADLEY CO.,2,,06,33.706611,-92.020942,,1929,1994,95,Concrete,04,Relief for waterway,1,5,53.9,14.8,2400,2018,7,7,7,,8,8,5,Good,7,Good,#2e7d32,31,Replacement because of substandard load capacity or structural condition,1,,615,622,2024,
000000000000411,Crawford,033,1,State Highway Agency,US Hwy 64-Crawford,Little Mulberry Creek,9.50 E JCT HWY 71,2,,07,35.510258,-94.071517,,1928,1961,96,Concrete,04,Waterway,1,9,96.0,9.6,3001,2018,6,5,4,,6,8,8,Poor,4,Poor,#c62828,,,0,,,823,2024,
000000000000412,Crawford,033,1,State Highway Agency,US Highway 64,Miller Creek-Crawford Co,11.5 E JCT US 71,2,,07,35.502442,-94.039581,,1929,1961,95,Concrete,04,Waterway,1,11,117.3,9.6,1900,2018,6,6,5,,7,8,8,Fair,5,Fair,#f9a825,,,0,,,1223,2024,
000000000000413,Crawford,033,1,State Highway Agency,US 64-Crawford Co.,Big Mulberry River,1 MI E JCT 215 IN MULBERY,2,,07,35.501664,-94.033867,,1929,1961,95,Concrete,11,Waterway,1,3,105.5,9.6,1810,2017,6,4,4,,8,8,8,Poor,4,Poor,#c62828,35,Widening with deck rehabilitation,0,,489,523,2024,
000000000000450,Crawford,033,1,State Highway Agency,US71-Crawford Co.,Clear Creek,3.02 N JCT HWYS 71 & 282,2,,06,35.652533,-94.161414,,1928,1959,96,Concrete continuous,04,Waterway,1,6,92.0,13.1,2400,2018,5,5,6,,7,8,8,Fair,5,Fair,#f9a825,,,0,,,1223,2024,
000000000000451,Crawford,033,1,State Highway Agency,US 71-Crawford Co,Pidgeon Creek,0.40 SO JCT 71 & 282,2,,06,35.618886,-94.172189,,1928,1959,96,Concrete,04,Waterway,1,1,12.8,15.5,2100,2018,6,6,6,,7,8,8,Fair,6,Fair,#f9a825,,,0,,,1223,2024,
000000000000609,Crawford,033,1,State Highway Agency,US 71 Crawford Co.,Clear Creek Relief,2.95 N JCT HWYS 71 & 282,2,,06,35.651672,-94.160942,,1928,1959,96,Concrete continuous,04,Waterway,1,4,44.2,13.1,2399,2018,5,5,6,,8,8,8,Fair,5,Fair,#f9a825,,,0,,,1223,2024,
000000000000511,Cross,037,1,State Highway Agency,Us-64/Sec-15/L1.04,Drainage Ditch,.3 Miles East Jct Us 49,2,,06,35.251861,-91.022461,,1961,,63,Concrete,01,Waterway,1,3,22.9,9.6,3300,2018,7,7,7,,5,8,5,Good,7,Good,#2e7d32,,,0,,,1223,2024,
000000000000512,Cross,037,1,State Highway Agency,Us-64/Sec-15/L2.50,Drainage Canal,1.85 Miles East Jct Us 49,2,,06,35.251881,-90.996719,,1963,,61,Concrete,01,Waterway,1,3,22.9,9.6,3300,2018,7,7,7,,7,9,5,Good,7,Good,#2e7d32,,,0,,,1223,2024,
000000000000513,Cross,037,1,State Highway Agency,Us-64/Sec-15/L-4.2,Drainage Canal,3.2 Mi W Of Jct Sh 193 No,2,,06,35.251389,-90.966597,,1963,,61,Concrete,01,Waterway,1,3,22.9,9.6,3300,2018,7,7,6,,7,9,5,Fair,6,Fair,#f9a825,,,0,,,1223,2024,
000000000000515,Cross,037,1,State Highway Agency,Us-64/Sec-15/L6.51,Brushy Creek,3.91 Mi W Of Jct Sh 193 N,2,,06,35.251642,-90.925750,,1963,,61,Concrete,01,Waterway,1,8,73.2,10.2,4000,2018,6,6,5,,7,8,5,Fair,5,Fair,#f9a825,,,0,,,622,2024,
000000000000516,Cross,037,1,State Highway Agency,Us-64/Sec-15/L6.65,Brushy Creek Re.,0.4 Mi W Of Sh 193 N Jct,2,,06,35.251622,-90.923308,,1963,,61,Concrete,01,Waterway,1,5,45.7,10.2,3999,2018,6,6,5,,8,8,5,Fair,5,Fair,#f9a825,,,0,,,622,2024,
000000000000517,Cross,037,1,State Highway Agency,Us-64/Sec-15/L-7.4,Languille Relief,6.55 Mi W Of Jct Sh 1 No,2,,06,35.251642,-90.910150,,1963,,61,Concrete,01,Waterway,1,5,45.7,10.2,3900,2018,7,7,5,,8,8,5,Fair,5,Fair,#f9a825,,,0,,,622,2024,
000000000000518,Cross,037,1,State Highway Agency,Us-64/Sec-15/L7.61,Languille Relief,6.35 Mi W Of Jct Sh 1 No,2,,06,35.251678,-90.906325,,1963,,61,Concrete,01,Waterway,1,6,54.9,9.6,3900,2018,7,7,6,,8,8,5,Fair,6,Fair,#f9a825,,,0,,,622,2024,
000000000000519,Cross,037,1,State Highway Agency,Us-64/Sec-15/L7.76,Languille River,6.2 Mi W Of Jct Sh 1 No,2,,06,35.251689,-90.903411,,1963,,61,Steel,02,Waterway,1,1,53.3,9.6,3900,2018,7,7,7,,8,8,5,Good,7,Good,#2e7d32,,,0,,,622,2024,
000000000000520,Cross,037,1,State Highway Agency,Us-64/Sec15/L10.79,Gregory Ditch,3.15 Mi W Of Jct Sh 1 No,2,,06,35.252061,-90.850036,,1963,,61,Concrete,01,Waterway,1,3,22.9,9.6,3900,2018,7,7,7,,5,9,5,Good,7,Good,#2e7d32,,,0,,,1223,2024,
000000000000521,Cross,037,1,State Highway Agency,Us-64/Sec15/L11.30,Caney Creek,2.65 Mi W Of Jct Sh 1 No,2,,06,35.252572,-90.841042,,1963,,61,Concrete,01,Waterway,1,3,27.4,10.2,3900,2018,6,6,6,,6,8,7,Fair,6,Fair,#f9a825,,,0,,,1223,2024,
000000000000534,Faulkner,045,1,State Highway Agency,SH 25,Creek,0.26 MI W OF JCT US 65,3,,06,35.226189,-92.391678,,1928,1986,96,Concrete,01,Waterway,1,2,18.9,10.0,6000,2018,7,7,7,,7,8,8,Good,7,Good,#2e7d32,,,0,,,822,2024,
000000000000454,Hot Spring,059,1,State Highway Agency,US  67 Log 17.25,CHATMAN CREEK,SO City Limits OF MALVERN,2,,17,34.353328,-92.819572,,1928,1957,96,Concrete,04,Waterway,1,3,28.4,9.6,4925,2018,6,6,6,,6,8,5,Fair,6,Fair,#f9a825,31,Replacement because of substandard load capacity or structural condition,1,,359,522,2024,
000000000000455,Hot Spring,059,1,State Highway Agency,US  67 Log 15.40,Black Branch,2.65 MI SO OF JCT SH 9,2,,17,34.332897,-92.834153,,1928,1956,96,Concrete,04,Waterway,1,3,28.5,9.7,3570,2018,6,6,5,,6,8,5,Fair,5,Fair,#f9a825,,,0,,,722,2024,
000000000000456,Hot Spring,059,1,State Highway Agency,US  67 -7 Log 9.45,TEN MILE CREEK,2.49 MI NE JCT SH 51,2,,07,34.260583,-92.885719,,1928,1957,96,Concrete,04,Waterway,1,2,18.9,9.7,2800,2018,6,6,6,,6,6,8,Fair,6,Fair,#f9a825,,,0,,,722,2024,
000000000000658,Hot Spring,059,1,State Highway Agency,US 67-7 Log 3.93,DELISLE CREEK,1.53 MI NE OF FRIENDSHIP,2,,07,34.236447,-92.971139,,1929,1956,95,Concrete,11,Waterway,1,1,59.1,9.7,2700,2018,5,5,5,,7,8,8,Fair,5,Fair,#f9a825,35,Widening with deck rehabilitation,0,,306,623,2024,
000000000000659,Hot Spring,059,1,State Highway Agency,US 67-7 Log 5.53,OUACHITA RELIEF,5.58 MI NE OF CLARK CO LI,2,,07,34.234842,-92.943681,,1929,1959,95,Concrete,04,Waterway,1,3,32.3,9.6,2700,2018,5,5,5,,7,8,5,Fair,5,Fair,#f9a825,,,0,,,522,2024,
000000000000660,Hot Spring,059,1,State Highway Agency,US 67 Log 5.33,OUACHITA RELIEF,5.3 MI NE CLARK CO LN,2,,07,34.235500,-92.947089,,1929,1957,95,Concrete,04,Waterway,1,14,149.7,9.6,2700,2018,5,5,5,,7,8,5,Fair,5,Fair,#f9a825,35,Widening with deck rehabilitation,0,,699,522,2024,
000000000000663,Hot Spring,059,1,State Highway Agency,US  67 log 4.60,OUACHITA RIVER,4.64 MI NE OF CLARK CO LI,2,,07,34.237931,-92.959556,,1929,1957,95,Concrete,11,Waterway,1,3,358.7,9.6,2700,2018,5,5,5,,7,8,5,Fair,5,Fair,#f9a825,,,0,,,522,2024,
000000000000326,Howard,061,1,State Highway Agency,US 70 - 03-8.99,HOLLEY CREEK,1.50 MI EAST JCT 4 & 70,2,,06,34.172492,-93.985542,,1955,,69,Concrete,01,Waterway,1,4,30.5,9.6,1499,2018,6,6,7,,6,7,8,Fair,6,Fair,#f9a825,,,0,,,423,2024,
000000000000443,Howard,061,1,State Highway Agency,US 371 -02 - 8.74,DILLARD CREEK,2.3 MI W OF NASHVILLE,2,,06,33.949603,-93.912758,,1928,1993,96,Concrete,04,Waterway,1,3,27.4,13.0,3200,2018,7,7,6,,8,7,5,Fair,6,Fair,#f9a825,31,Replacement because of substandard load capacity or structural condition,1,,433,422,2024,
000000000000444,Howard,061,1,State Highway Agency,US 371 -02- 5.85,BLUE BAYOU,5.75 MI W OF NASHVILLE,2,,06,33.951267,-93.963097,,1928,1993,96,Concrete,04,Waterway,1,5,48.8,13.1,2800,2018,7,7,7,,6,8,5,Good,7,Good,#2e7d32,31,Replacement because of substandard load capacity or structural condition,1,,519,422,2024,
000000000000446,Howard,061,1,State Highway Agency,US 371 -02 - 0.91,PRAIRIE CREEK,10.75 MI W OF NASHVILLE,2,,06,33.963528,-94.046531,,1928,1993,96,Concrete,04,Waterway,1,3,27.7,13.1,2800,2018,7,7,7,,7,7,5,Good,7,Good,#2e7d32,31,Replacement because of substandard load capacity or structural condition,1,,434,422,2024,
000000000000358,Johnson,071,1,State Highway Agency,US 64,Little Spadra,12.21 M E Franklin Co L,2,,16,35.472778,-93.507539,,1929,1955,95,Concrete,04,Waterway,1,2,21.3,9.6,6998,2018,7,7,6,,7,8,8,Fair,6,Fair,#f9a825,31,Replacement because of substandard load capacity or structural condition,1,,643,922,2024,
000000000000355,Logan,083,1,State Highway Agency,SH 22-Logan Co.,Six Mile Creek Relief,3.54 MI E OF FRANKLIN CO,3,,06,35.301381,-93.857278,,1928,1957,96,Concrete continuous,04,Waterway,1,10,110.3,9.5,4800,2018,5,4,6,,8,8,8,Poor,4,Poor,#c62828,,,0,,,623,2024,
000000000000356,Logan,083,1,State Highway Agency,State Highway 22,Six Mile Creek-Logan Co.,0.5 MI E JCT SH 23,3,,06,35.301681,-93.854783,,1928,1957,96,Steel,02,Waterway,1,1,46.6,9.4,4800,2018,5,6,6,,7,8,8,Fair,5,Fair,#f9a825,31,Replacement because of substandard load capacity or structural condition,1,,954,822,2024,
000000000000378,Logan,083,1,State Highway Agency,State Highway 22,Gack Creek-Logan Co.,6.64 MI E of Franklin Co.,3,,06,35.297161,-93.803078,,1928,1957,96,Concrete,04,Waterway,1,1,9.1,12.8,4800,2018,7,6,6,,6,8,8,Fair,6,Fair,#f9a825,,,0,,,622,2024,
000000000000381,Logan,083,1,State Highway Agency,State Highway 22,Mine Brook-Logan Co.,10.19 MI E OF FRANKLIN CO,3,,06,35.292178,-93.741386,,1928,1957,96,Concrete,04,Waterway,1,1,9.1,12.8,7000,2018,6,6,6,,7,8,8,Fair,6,Fair,#f9a825,,,0,,,622,2024,
000000000000382,Logan,083,1,State Highway Agency,State Highway 22,Short Mountain Creek,10.35 MI E OF FRANKLIN CO,3,,06,35.292069,-93.738486,,1928,1957,96,Steel,02,Waterway,1,1,79.9,9.4,7000,2018,6,4,5,,7,8,8,Poor,4,Poor,#c62828,,,0,,,723,2024,
000000000000671,Logan,083,1,State Highway Agency,SH  23-Logan Co.,Petit Jean River,0.02 MI NO OF JCT SH 116,3,,06,35.106839,-93.923714,,1961,,63,Steel,02,Waterway,1,1,102.4,9.6,2900,2018,6,6,5,,6,8,5,Fair,5,Fair,#f9a825,,,0,,,522,2024,
000000000000338,Marion,089,1,State Highway Agency,SH 14 Marion,CROOKED CREEK,0.16 MI S JCT US 62-SH 14,3,,06,36.223400,-92.679642,,1959,,65,Steel,02,Waterway,1,2,131.7,7.6,5190,2018,7,6,6,,5,8,5,Fair,6,Fair,#f9a825,31,Replacement because of substandard load capacity or structural condition,1,,1910,1023,2024,
000000000000476,Marion,089,4,City or Municipal Highway Agency,E Main St Flippin,FALLEN ASH CREEK,.3 MI E JCT SH 178,5,,09,36.277694,-92.594781,,1928,1979,96,Concrete,04,Waterway,1,4,42.7,14.3,6200,2018,7,7,7,,7,8,8,Good,7,Good,#2e7d32,,,0,,,922,2024,
000000000000677,Marion,089,1,State Highway Agency,SH 178 Marion,FALLEN ASH CREEK,1.34 MI N SH 178 & US 62,3,,07,36.275769,-92.600931,,1929,1979,95,Concrete,04,Waterway,1,3,32.0,14.3,3200,2018,7,6,6,,6,9,3,Fair,6,Fair,#f9a825,,,0,,,523,2024,
000000000000702,Marion,089,1,State Highway Agency,US 62B-S 9-Marion,RR WHITE RIVER,.50 MI E OF JCT 412/62,2,,07,36.267781,-92.547378,,1930,2004,94,Concrete,12,Railroad-waterway,1,6,550.2,8.8,1000,2018,6,6,6,,6,8,5,Fair,6,Fair,#f9a825,31,Replacement because of substandard load capacity or structural condition,1,,2827,1022,2024,
000000000000263,Miller,091,1,State Highway Agency,US 71 SEC.01- 5.03,KELLEY BAYOU,5 MILES N. LOUISIANA SL.,2,,06,33.090542,-93.902344,,1942,,82,Concrete,04,Waterway,1,4,30.5,9.8,625,2018,6,6,6,,6,6,7,Fair,6,Fair,#f9a825,,,0,,,823,2024,
000000000000264,Miller,091,1,State Highway Agency,US 71 SEC.01- 0.45,WESTFORK KELLY BAYOU,.5MI. N. LOUISIANA S.L.,2,,06,33.025800,-93.892281,,1927,1942,97,Concrete,04,Waterway,1,6,46.3,9.8,330,2018,6,6,6,,7,7,5,Fair,6,Fair,#f9a825,,,0,,,723,2024,
000000000000700,Montgomery,097,1,State Highway Agency,SH  8,Huddleston Creek,15.93 M E Of Polk Co Line,3,,06,34.453269,-93.678786,,1929,,95,Concrete,04,Waterway,1,3,32.6,6.9,2095,2018,6,6,6,,7,7,8,Fair,6,Fair,#f9a825,31,Replacement because of substandard load capacity or structural condition,1,,469,923,2024,
000000000000585,Newton,101,1,State Highway Agency,SH 7 Newton,HARP CREEK,2.14 MI SO OF DOGPATCH,3,,06,36.082581,-93.137192,,1928,,96,Concrete,11,Waterway,1,1,35.7,7.0,2400,2018,6,5,7,,8,8,8,Fair,5,Fair,#f9a825,31,Replacement because of substandard load capacity or structural condition,1,,490,123,2024,
000000000000586,Newton,101,1,State Highway Agency,SH  7 Newton,MILL CREEK,4.03 MI SO OF BOONE CO LN,3,,06,36.109558,-93.134178,,1928,,96,Concrete,04,Waterway,1,3,28.7,7.0,2600,2022,5,4,4,,7,8,8,Poor,4,Poor,#c62828,31,Replacement because of substandard load capacity or structural condition,1,,442,123,2024,
000000000000619,Ouachita,103,1,State Highway Agency,SH 376 S-0 LM 1.32,SMACKOVER CREEK REL,1.32 MI NW JCT SH 7,3,,08,33.402050,-92.807122,,1928,1960,96,Concrete,04,Waterway,1,2,18.3,9.6,410,2018,7,6,6,,6,6,5,Fair,6,Fair,#f9a825,,,0,,,1223,2024,
000000000000620,Ouachita,103,1,State Highway Agency,SH 376 S-0 LM 3.87,DRY CREEK,3.88 MI NO JCT SH 7,3,,08,33.431142,-92.828378,,1928,1960,96,Concrete,04,Waterway,1,1,10.7,12.8,390,2018,7,7,7,,6,6,5,Good,7,Good,#2e7d32,,,0,,,1223,2024,
000000000000621,Ouachita,103,1,State Highway Agency,SH 376-S-0 LM 10.1,MILL CREEK,1.28 MI SOUTH JCT SH 7,3,,08,33.516528,-92.827881,,1928,,96,Concrete,04,Waterway,1,2,18.3,7.0,250,2018,7,7,7,,7,7,5,Good,7,Good,#2e7d32,31,Replacement because of substandard load capacity or structural condition,1,,260,1223,2024,
000000000000279,Pike,109,4,City or Municipal Highway Agency,OLD HWY 70,CANEY CREEK (city),.22 M E OF US 70,5,,09,34.338269,-93.501214,,1928,,96,Concrete,11,Waterway,1,1,47.5,6.4,275,2018,6,5,5,,7,7,5,Fair,5,Fair,#f9a825,,,0,,,322,2024,
000000000000284,Pike,109,1,State Highway Agency,US 70 SEC.04-15.20,BEAR CREEK,2 MI WEST OF KIRBY,2,,06,34.249247,-93.676689,,1929,1955,95,Steel,02,Waterway,1,1,37.2,9.7,2500,2018,7,6,6,,7,7,8,Fair,6,Fair,#f9a825,31,Replacement because of substandard load capacity or structural condition,1,,501,1122,2024,
000000000000286,Pike,109,1,State Highway Agency,US 70 - 04 - 1.89,FALLEN CREEK,1 MI WEST NEWHOPE,2,,06,34.224961,-93.895103,,1955,,69,Concrete,01,Waterway,1,3,22.9,9.7,1500,2018,7,7,6,,7,7,8,Fair,6,Fair,#f9a825,,,0,,,722,2024,
000000000000410,Pike,109,2,County Highway Agency,C.R 518- C -0.15,ANTOINE CREEK,.15 MI NO JCT US HWY 70,4,,09,34.284119,-93.632500,,1928,,96,Concrete,04,Waterway,1,1,10.4,7.0,113,2018,7,7,7,,7,7,8,Good,7,Good,#2e7d32,,,0,,,1122,2024,
000000000000573,Poinsett,111,1,State Highway Agency,SH 463-02-LM 11.02,DITCH 24,1 MI NO JCT SH 14,3,,07,35.557931,-90.501992,,1928,1939,96,Concrete,04,Waterway,1,2,18.3,10.1,500,2018,6,6,6,,6,9,5,Fair,6,Fair,#f9a825,,,0,,,1123,2024,
000000000000574,Poinsett,111,1,State Highway Agency,US 463-02-LM 10.02,DITCH 26,2 MI NO JCT SH 14,3,,07,35.572450,-90.501953,,1928,1939,96,Concrete,04,Waterway,1,2,18.3,10.1,500,2018,6,6,6,,7,9,5,Fair,6,Fair,#f9a825,31,Replacement because of substandard load capacity or structural condition,1,,306,822,2024,
000000000000579,Poinsett,111,1,State Highway Agency,SH  14-14- LM 8.72,DITCH 11,JCT SH 373 & 14,3,,06,35.547378,-90.599922,,1951,,73,Steel,02,Waterway,1,4,42.1,8.1,2600,2018,6,6,6,,6,9,5,Fair,6,Fair,#f9a825,31,Replacement because of substandard load capacity or structural condition,1,,533,522,2024,
000000000000581,Poinsett,111,1,State Highway Agency,SH 14-13- LM 8.69,BRUSHY CREEK,2.55 MI E JCT US 49,3,,06,35.565250,-90.885222,,1961,,63,Concrete,01,Waterway,1,3,22.9,9.6,2999,2018,6,6,6,,6,8,5,Fair,6,Fair,#f9a825,,,0,,,224,2024,
000000000000582,Poinsett,111,1,State Highway Agency,SH 14-13- LM 13.53,LANGUILLE RELIEF,4.2 MI W JCT SH 1,3,,06,35.564639,-90.799369,,1961,,63,Concrete,01,Relief for waterway,1,3,22.9,9.6,3000,2018,7,7,6,,7,8,5,Fair,6,Fair,#f9a825,,,0,,,124,2024,
000000000000599,Poinsett,111,1,State Highway Agency,SH 14-13- LM 7.14,DITCH,0.9MI E OF JCT US 49,3,,06,35.565350,-90.912650,,1961,,63,Concrete,01,Waterway,1,2,15.2,9.6,2999,2018,7,7,6,,7,8,5,Fair,6,Fair,#f9a825,,,0,,,224,2024,
000000000000496,Randolph,121,1,State Highway Agency,US  67-19- LM 7.31,CURRENT RELIEF,7.25 MI NE JCT US 62 & 67,2,,02,36.298100,-90.868911,,1928,1955,96,Concrete,04,Relief for waterway,1,5,46.4,9.6,6600,2018,7,5,6,,7,8,5,Fair,5,Fair,#f9a825,,,0,,,124,2024,
000000000000497,Randolph,121,1,State Highway Agency,US  67-19- LM 6.56,SALLEE SLOUGH,6.50 MI NE JCT US 62 & 67,2,,02,36.296269,-90.882042,,1928,1955,96,Concrete,04,Waterway,1,4,37.2,9.6,6600,2018,7,6,6,,7,9,5,Fair,6,Fair,#f9a825,,,0,,,124,2024,
000000000000498,Randolph,121,1,State Highway Agency,US  67-19- LM 6.48,LEIBHABER SLOUGH,6.42 MI NE JCT US 62 & 67,2,,02,36.295972,-90.883431,,1928,1955,96,Concrete,04,Waterway,1,4,37.2,9.6,6600,2018,7,5,6,,7,9,5,Fair,5,Fair,#f9a825,,,0,,,124,2024,
000000000000499,Randolph,121,1,State Highway Agency,US  67-19- LM 6.14,Pheffer Bottom,6.08 MI NE JCT US 62 & 67,2,,02,36.293831,-90.889008,,1928,1955,96,Concrete,04,Waterway,1,4,37.2,9.6,6600,2018,8,6,6,,7,9,5,Fair,6,Fair,#f9a825,,,0,,,124,2024,
000000000000500,Randolph,121,1,State Highway Agency,US  67-19- LM 5.63,BEAVER DITCH,5.57 MI NE JCT US 62 & 67,2,,02,36.290989,-90.897347,,1928,1955,96,Concrete,04,Waterway,1,4,37.2,9.6,6600,2018,7,6,6,,7,8,5,Fair,6,Fair,#f9a825,,,0,,,124,2024,
000000000000501,Randolph,121,1,State Highway Agency,US 67-19- LM 4.85,MULE DITCH,4.79 MI NE JCT US 62 & 67,2,,02,36.285350,-90.909364,,1928,1955,96,Concrete,04,Waterway,1,3,28.0,9.6,6600,2018,7,7,6,,7,9,5,Fair,6,Fair,#f9a825,,,0,,,523,2024,
000000000000502,Randolph,121,1,State Highway Agency,US 67-19- LM 4.21,THROGMORTON CREEK,4.15 MI NE JCT US 62 & 67,2,,02,36.278692,-90.917161,,1928,1955,96,Concrete,04,Waterway,1,2,19.0,9.6,6600,2018,7,6,6,,7,9,5,Fair,6,Fair,#f9a825,,,0,,,523,2024,
000000000000503,Randolph,121,1,State Highway Agency,US 67-19- LM 3.23,FOURCHE RELIEF,3.17 MI NE JCT US 62 & 67,2,,02,36.282361,-90.933022,,1928,1955,96,Concrete,04,Relief for waterway,1,4,37.2,9.6,6600,2018,7,7,6,,7,9,5,Fair,6,Fair,#f9a825,31,Replacement because of substandard load capacity or structural condition,1,,1023,523,2024,
000000000000504,Randolph,121,1,State Highway Agency,US 67-19- LM 2.96,FRISCO CREEK,2.90 MI NE JCT US 62 & 67,2,,02,36.283981,-90.937425,,1928,1955,96,Concrete,04,Waterway,1,4,37.2,9.6,6600,2018,7,5,5,,7,8,5,Fair,5,Fair,#f9a825,31,Replacement because of substandard load capacity or structural condition,1,,1023,523,2024,
000000000000505,Randolph,121,1,State Highway Agency,US 67-19- LM 2.70,CR PETTET,2.64 MI NE JCT US 62 & 67,2,,14,36.283650,-90.941933,,1928,1955,96,Concrete,04,Waterway,1,5,46.3,9.6,5819,2018,7,7,5,,7,9,5,Fair,5,Fair,#f9a825,31,Replacement because of substandard load capacity or structural condition,1,,1131,523,2024,
000000000000506,Randolph,121,1,State Highway Agency,US 67-19- LM 2.57,CROOKED CREEK,2.51 MI NE JCT US 62 & 67,2,,14,36.283231,-90.944253,,1928,1955,96,Concrete,04,Waterway,1,3,28.0,9.6,5819,2018,7,5,5,,7,9,8,Fair,5,Fair,#f9a825,31,Replacement because of substandard load capacity or structural condition,1,,705,523,2024,
000000000000507,Randolph,121,1,State Highway Agency,US 67-19- LM 1.79,Hamil Creek,1.79 Mi N Jct US67/62,2,,14,36.276292,-90.954339,,1928,1955,96,Concrete,04,Waterway,1,2,18.9,9.6,5819,2018,7,7,7,,7,9,5,Good,7,Good,#2e7d32,31,Replacement because of substandard load capacity or structural condition,1,,622,523,2024,
000000000000508,Randolph,121,1,State Highway Agency,US  67-19- LM 3.40,FOURCHE,3.34 MI NE JCT US 62,2,,02,36.281300,-90.930139,,1928,1955,96,Steel,02,Waterway,1,1,107.9,9.7,6600,2018,4,6,6,,7,9,7,Poor,4,Poor,#c62828,,,0,,,523,2024,
000000000000509,Randolph,121,1,State Highway Agency,US 67-19- LM 5.16,RUNNING LAKE RELIEF,5.10 MI NE JCT US 62,2,,02,36.287842,-90.904731,,1928,1955,96,Concrete,04,Relief for waterway,1,3,28.1,9.6,6600,2018,7,7,6,,7,9,5,Fair,6,Fair,#f9a825,,,0,,,523,2024,
000000000000510,Randolph,121,1,State Highway Agency,US  67-19- LM 1.49,MANSKER CREEK,1.49 N OF JCT 62 & 67,2,,14,36.273369,-90.958297,,1928,1955,96,Steel,02,Waterway,1,1,49.2,9.6,8218,2018,5,5,6,,6,8,5,Fair,5,Fair,#f9a825,31,Replacement because of substandard load capacity or structural condition,1,,888,523,2024,
000000000000315,Scott,127,1,State Highway Agency,US Highway 71,Carnes Creek-Scott Co.,0.9 MI NO OF NO BOOTHE,2,,02,35.054250,-94.127158,,1928,1981,96,Concrete,01,Waterway,1,1,10.7,14.3,4700,2018,6,6,6,,7,8,8,Fair,6,Fair,#f9a825,,,0,,,623,2024,
000000000000316,Scott,127,1,State Highway Agency,US Highway 71,Kings Relief - Scott Co.,0.40 MI N OF JCT SH 23&71,2,,02,35.034711,-94.122397,,1928,1981,96,Concrete,01,Waterway,1,1,10.7,14.3,4700,2018,6,6,6,,8,8,8,Fair,6,Fair,#f9a825,,,0,,,623,2024,
000000000000317,Scott,127,1,State Highway Agency,US Highway 71,Kings Creek - Scott Co.,0.3 MI N SH 23&71,2,,02,35.033297,-94.122422,,1928,1981,96,Concrete,01,Waterway,1,3,31.7,14.3,4700,2018,6,6,6,,6,8,8,Fair,6,Fair,#f9a825,,,0,,,623,2024,
000000000000319,Scott,127,1,State Highway Agency,US Highway 71,Brushy Creek - Scott Co.,6.48 MI NO OF JCT SH 28,2,,02,35.015019,-94.121094,,1928,1981,96,Concrete,01,Waterway,1,2,21.3,14.3,5500,2018,5,5,5,,7,8,8,Fair,5,Fair,#f9a825,,,0,,,623,2024,
000000000000320,Scott,127,1,State Highway Agency,US Highway 71,Old Freedom Cr- Scott Co,5.69 MI NO OF JCT SH 28,2,,02,35.003861,-94.120400,,1928,1981,96,Concrete,01,Waterway,1,2,18.3,14.3,5500,2018,5,5,5,,7,8,8,Fair,5,Fair,#f9a825,,,0,,,723,2024,
000000000000321,Scott,127,1,State Highway Agency,US Highway 71,Clear Cr. - Scott Co.,4.56 MI N OF JCT SH 28,2,,02,34.995900,-94.104881,,1928,1981,96,Concrete,01,Waterway,1,3,24.4,14.3,5500,2018,6,6,5,,7,8,8,Fair,5,Fair,#f9a825,,,0,,,623,2024,
000000000000322,Scott,127,1,State Highway Agency,US Highway 71,Sq. Rock Cr. - Scott Co.,1.60 MI NO OF JCT SH 28,2,,02,34.963292,-94.110000,,1928,1981,96,Concrete,01,Waterway,1,2,15.2,14.3,5500,2018,5,5,5,,7,8,8,Fair,5,Fair,#f9a825,,,0,,,623,2024,
000000000000680,Searcy,129,1,State Highway Agency,SH 66 Searcy,COVE CREEK,0.003 MI E JCT 65 LESLIE,3,,07,35.828111,-92.562050,,1930,,94,Concrete continuous,04,Waterway,1,3,50.9,7.0,2500,2018,6,6,6,,6,8,8,Fair,6,Fair,#f9a825,31,Replacement because of substandard load capacity or structural condition,1,,452,922,2024,
000000000000329,Sebastian,131,1,State Highway Agency,US 71B,Mill Creek Sebastian Co.,0.25 Mi N Jct Phoenix Ave,2,,14,35.342708,-94.422508,,1928,1952,96,Concrete,04,Waterway,1,2,18.3,17.5,20000,2018,5,5,5,,7,8,8,Fair,5,Fair,#f9a825,31,Replacement because of substandard load capacity or structural condition,1,,693,622,2024,
000000000000331,Sebastian,131,4,City or Municipal Highway Agency,West Center Street,Hester Creek-Seb. Co.,2.31 MI E OF JCT US 71,5,,16,35.215581,-94.267617,,1928,1963,96,Concrete,04,Waterway,1,1,12.8,11.6,14103,2018,7,7,7,,7,8,8,Good,7,Good,#2e7d32,31,Replacement because of substandard load capacity or structural condition,1,,319,1223,2024,
000000000000332,Sebastian,131,4,City or Municipal Highway Agency,West Center Street,Heartsill Creek-Seb. Co.,1.3 MI E OF JCT US 71,5,,16,35.222931,-94.283019,,1928,1963,96,Concrete,04,Waterway,1,1,10.7,11.6,15000,2018,6,6,6,,7,8,8,Fair,6,Fair,#f9a825,31,Replacement because of substandard load capacity or structural condition,1,,302,1223,2024,
000000000000348,Sebastian,131,1,State Highway Agency,State Highway  22,Big Creek Seb. Co.,0.10 MI E OF BLOOMER  ARK,3,,06,35.292903,-94.133278,,1928,1958,96,Concrete,11,Waterway,1,1,78.0,9.4,7700,2018,5,5,6,,7,8,8,Fair,5,Fair,#f9a825,,,0,,,822,2024,
000000000000399,Sevier,133,2,County Highway Agency,CR 407 ASHLEY CAMP,SAND SLOUGH,2.25 M S JCT SH 27,4,,09,33.784694,-94.143944,,1929,,95,Concrete,04,Waterway,1,10,104.9,7.6,14,1987,7,7,6,,6,7,5,Fair,6,Fair,#f9a825,,,0,,,222,2024,
000000000000438,Union,139,1,State Highway Agency,US 167B S-1 LM 3.9,PACIFIC RR,0.15 MI W JCT SH 7,2,,14,33.253278,-92.650536,,1928,,96,Concrete continuous,04,Railroad,0,5,59.7,9.4,4000,2018,6,7,6,,N,N,N,Fair,6,Fair,#f9a825,31,Replacement because of substandard load capacity or structural condition,1,,990,622,2024,
000000000000406,Yell,149,1,State Highway Agency,SH  22,Little Hayes Creek,4.33 MI SE OF LOGAN CO.,3,,06,35.249181,-93.215103,,1962,,62,Concrete,04,Waterway,1,1,10.7,12.8,4261,2018,7,7,7,,7,8,5,Good,7,Good,#2e7d32,,,0,,,622,2024,
000000000000703,Yell,149,1,State Highway Agency,SH  10,Keeland Creek,7.14 MI W PERRY CO IN OLA,3,,02,35.029944,-93.223511,,1928,1988,96,Concrete,04,Waterway,1,4,40.2,12.4,5400,2018,6,7,7,,8,8,8,Fair,6,Fair,#f9a825,,,0,,,622,2024,
